-- TABLAS TRANSACCIONALES
-- Tabla cuenta
SELECT * FROM cuenta;
GO

DELETE FROM cuenta
DBCC CHECKIDENT ('cuenta', RESEED, 0);

INSERT INTO cuenta (id_cliente, id_entidadFinanciera, numero_cuenta, tipo, saldo) VALUES
(0, 0, '900000001234567', 'ahorros', 1500.75),
(1, 1, '900000002345678', 'corriente', 3200.00),
(2, 2, '900000003456789', 'ahorros', 580.40),
(3, 3, '900000004567890', 'corriente', 12000.00),
(4, 4, '900000005678901', 'ahorros', 230.10),
(5, 5, '900000006789012', 'corriente', 4520.90),
(6, 6, '900000007890123', 'ahorros', 980.00),
(7, 7, '900000008901234', 'corriente', 1100.50),
(8, 8, '900000009012345', 'ahorros', 745.25),
(9, 9, '900000010123456', 'corriente', 6700.00),
(10, 10, '900000011234567', 'ahorros', 230.00),
(11, 11, '900000012345678', 'corriente', 1820.15),
(12, 12, '900000013456789', 'ahorros', 910.70),
(13, 13, '900000014567890', 'corriente', 650.30),
(14, 14, '900000015678901', 'ahorros', 1400.90),
(15, 15, '900000016789012', 'corriente', 7800.50),
(16, 16, '900000017890123', 'ahorros', 300.00),
(17, 17, '900000018901234', 'corriente', 420.00),
(18, 18, '900000019012345', 'ahorros', 1250.25),
(19, 19, '900000020123456', 'corriente', 6800.00),
(20, 20, '900000021234567', 'ahorros', 190.45),
(21, 21, '900000022345678', 'corriente', 1500.00),
(22, 22, '900000023456789', 'ahorros', 245.80),
(23, 23, '900000024567890', 'corriente', 3200.75),
(24, 24, '900000025678901', 'ahorros', 700.50),
(25, 25, '900000026789012', 'corriente', 560.00),
(26, 26, '900000027890123', 'ahorros', 230.00),
(27, 27, '900000028901234', 'corriente', 4000.90),
(28, 28, '900000029012345', 'ahorros', 1100.10),
(29, 29, '900000030123456', 'corriente', 980.00),
(30, 30, '900000031234567', 'ahorros', 1340.00),
(31, 31, '900000032345678', 'corriente', 2700.00),
(32, 32, '900000033456789', 'ahorros', 750.25),
(33, 33, '900000034567890', 'corriente', 1020.40),
(34, 34, '900000035678901', 'ahorros', 890.50),
(35, 35, '900000036789012', 'corriente', 630.60),
(36, 36, '900000037890123', 'ahorros', 480.00),
(37, 37, '900000038901234', 'corriente', 7200.00),
(38, 38, '900000039012345', 'ahorros', 550.00),
(39, 39, '900000040123456', 'corriente', 1800.75),
(40, 40, '900000041234567', 'ahorros', 640.20),
(41, 41, '900000042345678', 'corriente', 300.00),
(42, 42, '900000043456789', 'ahorros', 960.50),
(43, 43, '900000044567890', 'corriente', 450.00),
(44, 44, '900000045678901', 'ahorros', 320.00),
(45, 45, '900000046789012', 'corriente', 2400.00),
(46, 46, '900000047890123', 'ahorros', 700.00),
(47, 47, '900000048901234', 'corriente', 1100.00),
(48, 48, '900000049012345', 'ahorros', 2300.00),
(49, 49, '900000050123456', 'corriente', 950.00);

-- Insertando 100 datos más a la tabla clientes y entidad_Financiera

INSERT INTO cliente (nombre, apellido, email, telefono) VALUES
('Marcos', 'Vega', 'marcos.vega@example.com', '912345670'),
('Paula', 'Mendoza', 'paula.mendoza@example.com', '913245671'),
('Esteban', 'Torres', 'esteban.torres@example.com', '914345672'),
('Isabel', 'Ramirez', 'isabel.ramirez@example.com', '915345673'),
('Javier', 'Ortiz', 'javier.ortiz@example.com', '916345674'),
('Claudia', 'Rojas', 'claudia.rojas@example.com', '917345675'),
('Felipe', 'Soto', 'felipe.soto@example.com', '918345676'),
('Natalia', 'Castillo', 'natalia.castillo@example.com', '919345677'),
('Andres', 'Mora', 'andres.mora@example.com', '920345678'),
('Carolina', 'Flores', 'carolina.flores@example.com', '921345679'),
('Diego', 'Salinas', 'diego.salinas@example.com', '922345680'),
('Lorena', 'Valdez', 'lorena.valdez@example.com', '923345681'),
('Sebastian', 'Cruz', 'sebastian.cruz@example.com', '924345682'),
('Monica', 'Alvarez', 'monica.alvarez@example.com', '925345683'),
('Ricardo', 'Guerrero', 'ricardo.guerrero@example.com', '926345684'),
('Daniela', 'Herrera', 'daniela.herrera@example.com', '927345685'),
('Pablo', 'Fernandez', 'pablo.fernandez@example.com', '928345686'),
('Sofia', 'Martinez', 'sofia.martinez@example.com', '929345687'),
('Guillermo', 'Gomez', 'guillermo.gomez@example.com', '930345688'),
('Valentina', 'Jimenez', 'valentina.jimenez@example.com', '931345689'),
('Jorge', 'Lopez', 'jorge.lopez@example.com', '932345690'),
('Paula', 'Navarro', 'paula.navarro@example.com', '933345691'),
('Luis', 'Diaz', 'luis.diaz@example.com', '934345692'),
('Adriana', 'Castro', 'adriana.castro@example.com', '935345693'),
('Marco', 'Paredes', 'marco.paredes@example.com', '936345694'),
('Gabriela', 'Morales', 'gabriela.morales@example.com', '937345695'),
('Juan', 'Perez', 'juan.perez@example.com', '938345696'),
('Fernanda', 'Sanchez', 'fernanda.sanchez@example.com', '939345697'),
('Carlos', 'Vargas', 'carlos.vargas@example.com', '940345698'),
('Ana', 'Ramos', 'ana.ramos@example.com', '941345699'),
('David', 'Lopez', 'david.lopez@example.com', '942345700'),
('Camila', 'Ortiz', 'camila.ortiz@example.com', '943345701'),
('Ricardo', 'Silva', 'ricardo.silva@example.com', '944345702'),
('Natalia', 'Diaz', 'natalia.diaz@example.com', '945345703'),
('Andres', 'Gutierrez', 'andres.gutierrez@example.com', '946345704'),
('Paula', 'Ruiz', 'paula.ruiz@example.com', '947345705'),
('Felipe', 'Castillo', 'felipe.castillo@example.com', '948345706'),
('Isabel', 'Marin', 'isabel.marin@example.com', '949345707'),
('Diego', 'Fernandez', 'diego.fernandez@example.com', '950345708'),
('Sofia', 'Mendoza', 'sofia.mendoza@example.com', '951345709'),
('Ricardo', 'Salazar', 'ricardo.salazar@example.com', '952345710'),
('Laura', 'Vega', 'laura.vega@example.com', '953345711'),
('Juan', 'Rojas', 'juan.rojas@example.com', '954345712'),
('Carolina', 'Cruz', 'carolina.cruz@example.com', '955345713'),
('Gabriel', 'Moreno', 'gabriel.moreno@example.com', '956345714'),
('Paula', 'Castro', 'paula.castro@example.com', '957345715'),
('Marcelo', 'Diaz', 'marcelo.diaz@example.com', '958345716'),
('Natalia', 'Flores', 'natalia.flores@example.com', '959345717'),
('Andres', 'Santos', 'andres.santos@example.com', '960345718'),
('Lorena', 'Ortega', 'lorena.ortega@example.com', '961345719'),
('Diego', 'Perez', 'diego.perez@example.com', '962345720'),
('Paula', 'Rios', 'paula.rios@example.com', '963345721'),
('Ricardo', 'Lopez', 'ricardo.lopez@example.com', '964345722'),
('Gabriela', 'Diaz', 'gabriela.diaz@example.com', '965345723'),
('Jorge', 'Gutierrez', 'jorge.gutierrez@example.com', '966345724'),
('Sofia', 'Martinez', 'sofia.martinez2@example.com', '967345725'),
('David', 'Soto', 'david.soto@example.com', '968345726'),
('Valentina', 'Mendoza', 'valentina.mendoza@example.com', '969345727'),
('Andres', 'Castillo', 'andres.castillo@example.com', '970345728'),
('Laura', 'Perez', 'laura.perez@example.com', '971345729'),
('Juan', 'Diaz', 'juan.diaz@example.com', '972345730'),
('Felipe', 'Gutierrez', 'felipe.gutierrez@example.com', '973345731'),
('Natalia', 'Vargas', 'natalia.vargas@example.com', '974345732'),
('Carlos', 'Flores', 'carlos.flores@example.com', '975345733'),
('Lorena', 'Morales', 'lorena.morales@example.com', '976345734'),
('Diego', 'Santos', 'diego.santos@example.com', '977345735'),
('Gabriela', 'Ramirez', 'gabriela.ramirez@example.com', '978345736'),
('Ricardo', 'Ortega', 'ricardo.ortega@example.com', '979345737'),
('Paula', 'Vega', 'paula.vega@example.com', '980345738'),
('Juan', 'Rios', 'juan.rios@example.com', '981345739'),
('Felipe', 'Cruz', 'felipe.cruz@example.com', '982345740'),
('Natalia', 'Moreno', 'natalia.moreno@example.com', '983345741'),
('Andres', 'Castillo', 'andres.castillo2@example.com', '984345742'),
('Laura', 'Perez', 'laura.perez2@example.com', '985345743'),
('Juan', 'Diaz', 'juan.diaz2@example.com', '986345744'),
('Gabriela', 'Gutierrez', 'gabriela.gutierrez@example.com', '987345745'),
('Sofia', 'Martinez', 'sofia.martinez3@example.com', '988345746'),
('David', 'Soto', 'david.soto2@example.com', '989345747'),
('Valentina', 'Mendoza', 'valentina.mendoza2@example.com', '990345748'),
('Andres', 'Castillo', 'andres.castillo3@example.com', '991345749'),
('Laura', 'Perez', 'laura.perez3@example.com', '992345750'),
('Juan', 'Diaz', 'juan.diaz3@example.com', '993345751'),
('Felipe', 'Gutierrez', 'felipe.gutierrez2@example.com', '994345752'),
('Natalia', 'Vargas', 'natalia.vargas2@example.com', '995345753'),
('Carlos', 'Flores', 'carlos.flores2@example.com', '996345754'),
('Lorena', 'Morales', 'lorena.morales2@example.com', '997345755'),
('Diego', 'Santos', 'diego.santos2@example.com', '998345756'),
('Gabriela', 'Ramirez', 'gabriela.ramirez2@example.com', '999345757'),
('Ricardo', 'Ortega', 'ricardo.ortega2@example.com', '9000345758'),
('Paula', 'Vega', 'paula.vega2@example.com', '9001345759'),
('Juan', 'Rios', 'juan.rios2@example.com', '9002345760'),
('Felipe', 'Cruz', 'felipe.cruz2@example.com', '9003345761'),
('Natalia', 'Moreno', 'natalia.moreno2@example.com', '9004345762'),
('Andres', 'Castillo', 'andres.castillo4@example.com', '9005345763'),
('Laura', 'Perez', 'laura.perez4@example.com', '9006345764'),
('Juan', 'Diaz', 'juan.diaz4@example.com', '9007345765'),
('Gabriela', 'Gutierrez', 'gabriela.gutierrez2@example.com', '9008345766'),
('Sofia', 'Martinez', 'sofia.martinez4@example.com', '9009345767'),
('David', 'Soto', 'david.soto3@example.com', '9010345768'),
('Valentina', 'Mendoza', 'valentina.mendoza3@example.com', '9011345769');

INSERT INTO entidad_financiera (nombre, direccion, telefono) VALUES
('Banco Sol', 'Av. Primavera 101', '900000051'),
('Caja Horizonte', 'Calle Verano 102', '900000052'),
('Financiera Nueva', 'Jr. Libertad 103', '900000053'),
('Banco Aurora', 'Av. Otoño 104', '900000054'),
('CreditoSeguro Plus', 'Calle Invierno 105', '900000055'),
('Financiera Global', 'Av. Paz 106', '900000056'),
('Caja Andina', 'Calle Andes 107', '900000057'),
('Banco Elite', 'Av. Mar 108', '900000058'),
('MicroBanco Express', 'Jr. Central 109', '900000059'),
('Caja Metropolitana Norte', 'Av. Norte 110', '900000060'),
('Banco Pacifico', 'Calle Azul 111', '900000061'),
('Caja Sur', 'Av. Sur 112', '900000062'),
('Financiera Dinámica', 'Jr. Dinámico 113', '900000063'),
('Banco Vanguardia', 'Av. Futuro 114', '900000064'),
('CreditoSeguro Max', 'Calle Granados 115', '900000065'),
('Financiera Avanzada', 'Av. Innovación 116', '900000066'),
('Caja Soluciones', 'Jr. Sol 117', '900000067'),
('Banco Firme', 'Av. Fortaleza 118', '900000068'),
('MicroBanco Local', 'Calle Local 119', '900000069'),
('Caja Metropolitana Sur', 'Av. Sur 120', '900000070'),
('Banco Capital Plus', 'Jr. Capital 121', '900000071'),
('Caja Urbana', 'Av. Urbana 122', '900000072'),
('Financiera Horizonte', 'Calle Horizonte 123', '900000073'),
('Banco Unión', 'Av. Unión 124', '900000074'),
('CreditoSeguro Elite', 'Jr. Elite 125', '900000075'),
('Financiera Nueva Era', 'Av. Era 126', '900000076'),
('Caja Prosperidad', 'Calle Prosperidad 127', '900000077'),
('Banco Fortaleza', 'Av. Fortaleza 128', '900000078'),
('MicroBanco Avanzado', 'Jr. Avanzado 129', '900000079'),
('Caja Metropolitana Este', 'Av. Este 130', '900000080'),
('Banco Prisma', 'Calle Prisma 131', '900000081'),
('Caja Viva', 'Av. Viva 132', '900000082'),
('Financiera Plus', 'Jr. Plus 133', '900000083'),
('Banco Centro', 'Av. Centro 134', '900000084'),
('CreditoSeguro Dinámico', 'Calle Dinámico 135', '900000085'),
('Financiera Real', 'Av. Real 136', '900000086'),
('Caja Fuerte', 'Jr. Fuerte 137', '900000087'),
('Banco Max', 'Av. Max 138', '900000088'),
('MicroBanco Norte', 'Calle Norte 139', '900000089'),
('Caja Metropolitana Oeste', 'Av. Oeste 140', '900000090'),
('Banco Solidez', 'Jr. Solidez 141', '900000091'),
('Caja Próspera', 'Av. Próspera 142', '900000092'),
('Financiera Futura', 'Calle Futura 143', '900000093'),
('Banco Brillante', 'Av. Brillante 144', '900000094'),
('CreditoSeguro Global', 'Jr. Global 145', '900000095'),
('Financiera Integral', 'Av. Integral 146', '900000096'),
('Caja Amiga', 'Calle Amiga 147', '900000097'),
('Banco Fortaleza Plus', 'Av. Fortaleza 148', '900000098'),
('MicroBanco Express Plus', 'Jr. Express 149', '900000099'),
('Caja Metropolitana Central', 'Av. Central 150', '900000100'),
('Banco Excelencia', 'Calle Excelencia 151', '900000101'),
('Caja Vital', 'Av. Vital 152', '900000102'),
('Financiera Alfa', 'Jr. Alfa 153', '900000103'),
('Banco Ideal', 'Av. Ideal 154', '900000104'),
('CreditoSeguro Avanzado', 'Calle Avanzado 155', '900000105'),
('Financiera Global Plus', 'Av. Global 156', '900000106'),
('Caja Innovadora', 'Jr. Innovadora 157', '900000107'),
('Banco Seguro', 'Av. Seguro 158', '900000108'),
('MicroBanco Local Plus', 'Calle Local 159', '900000109'),
('Caja Metropolitana Norte Plus', 'Av. Norte 160', '900000110'),
('Banco Regional', 'Jr. Regional 161', '900000111'),
('Caja Nueva', 'Av. Nueva 162', '900000112'),
('Financiera Progreso', 'Calle Progreso 163', '900000113'),
('Banco Supremo', 'Av. Supremo 164', '900000114'),
('CreditoSeguro Real', 'Jr. Real 165', '900000115'),
('Financiera Dinámica Plus', 'Av. Dinámica 166', '900000116'),
('Caja Solidaria', 'Calle Solidaria 167', '900000117'),
('Banco Fuerte', 'Av. Fuerte 168', '900000118'),
('MicroBanco Norte Plus', 'Jr. Norte 169', '900000119'),
('Caja Metropolitana Este Plus', 'Av. Este 170', '900000120'),
('Banco Excel', 'Calle Excel 171', '900000121'),
('Caja Viva Plus', 'Av. Viva 172', '900000122'),
('Financiera Plus Max', 'Jr. Plus Max 173', '900000123'),
('Banco Centro Plus', 'Av. Centro 174', '900000124'),
('CreditoSeguro Elite Plus', 'Calle Elite 175', '900000125'),
('Financiera Real Plus', 'Av. Real 176', '900000126'),
('Caja Fuerte Plus', 'Jr. Fuerte 177', '900000127'),
('Banco Max Plus', 'Av. Max 178', '900000128'),
('MicroBanco Oeste', 'Calle Oeste 179', '900000129'),
('Caja Metropolitana Oeste Plus', 'Av. Oeste 180', '900000130'),
('Banco Solidez Plus', 'Jr. Solidez 181', '900000131'),
('Caja Próspera Plus', 'Av. Próspera 182', '900000132'),
('Financiera Futura Plus', 'Calle Futura 183', '900000133'),
('Banco Brillante Plus', 'Av. Brillante 184', '900000134'),
('CreditoSeguro Global Plus', 'Jr. Global 185', '900000135'),
('Financiera Integral Plus', 'Av. Integral 186', '900000136'),
('Caja Amiga Plus', 'Calle Amiga 187', '900000137'),
('Banco Fortaleza Max', 'Av. Fortaleza 188', '900000138'),
('MicroBanco Express Max', 'Jr. Express 189', '900000139'),
('Caja Metropolitana Central Plus', 'Av. Central 190', '900000140'),
('Banco Excelencia Plus', 'Calle Excelencia 191', '900000141'),
('Caja Vital Plus', 'Av. Vital 192', '900000142'),
('Financiera Alfa Plus', 'Jr. Alfa 193', '900000143'),
('Banco Ideal Plus', 'Av. Ideal 194', '900000144'),
('CreditoSeguro Avanzado Plus', 'Calle Avanzado 195', '900000145'),
('Financiera Global Max', 'Av. Global 196', '900000146'),
('Caja Innovadora Plus', 'Jr. Innovadora 197', '900000147'),
('Banco Seguro Plus', 'Av. Seguro 198', '900000148'),
('MicroBanco Local Max', 'Calle Local 199', '900000149'),
('Caja Metropolitana Norte Max', 'Av. Norte 200', '900000150');

-- aquí siguen más registros para completar hasta 150 (FALTAN INSERTAR)
INSERT INTO cuenta (id_cliente, id_entidadFinanciera, numero_cuenta, tipo, saldo) VALUES
(50, 0, '900000001234568', 'ahorros', 1300.75),
(51, 1, '900000002345679', 'corriente', 2900.00),
(52, 2, '900000003456780', 'ahorros', 780.40),
(53, 3, '900000004567891', 'corriente', 8200.00),
(54, 4, '900000005678902', 'ahorros', 430.10),
(55, 5, '900000006789013', 'corriente', 2520.90),
(56, 6, '900000007890124', 'ahorros', 780.00),
(57, 7, '900000008901235', 'corriente', 1600.50),
(58, 8, '900000009012346', 'ahorros', 845.25),
(59, 9, '900000010123457', 'corriente', 7700.00),
(60, 10, '900000011234568', 'ahorros', 130.00),
(61, 11, '900000012345679', 'corriente', 1820.15),
(62, 12, '900000013456780', 'ahorros', 1010.70),
(63, 13, '900000014567891', 'corriente', 750.30),
(64, 14, '900000015678902', 'ahorros', 1800.90),
(65, 15, '900000016789013', 'corriente', 8800.50),
(66, 16, '900000017890124', 'ahorros', 600.00),
(67, 17, '900000018901235', 'corriente', 920.00),
(68, 18, '900000019012346', 'ahorros', 1550.25),
(69, 19, '900000020123457', 'corriente', 7800.00),
(70, 20, '900000021234568', 'ahorros', 290.45),
(71, 21, '900000022345679', 'corriente', 1800.00),
(72, 22, '900000023456780', 'ahorros', 445.80),
(73, 23, '900000024567891', 'corriente', 4200.75),
(74, 24, '900000025678902', 'ahorros', 900.50),
(75, 25, '900000026789013', 'corriente', 1060.00),
(76, 26, '900000027890124', 'ahorros', 530.00),
(77, 27, '900000028901235', 'corriente', 5000.90),
(78, 28, '900000029012346', 'ahorros', 1400.10),
(79, 29, '900000030123457', 'corriente', 880.00),
(80, 30, '900000031234568', 'ahorros', 1140.00),
(81, 31, '900000032345679', 'corriente', 3700.00),
(82, 32, '900000033456780', 'ahorros', 950.25),
(83, 33, '900000034567891', 'corriente', 1220.40),
(84, 34, '900000035678902', 'ahorros', 990.50),
(85, 35, '900000036789013', 'corriente', 830.60),
(86, 36, '900000037890124', 'ahorros', 680.00),
(87, 37, '900000038901235', 'corriente', 8200.00),
(88, 38, '900000039012346', 'ahorros', 750.00),
(89, 39, '900000040123457', 'corriente', 2800.75),
(90, 40, '900000041234568', 'ahorros', 740.20),
(91, 41, '900000042345679', 'corriente', 400.00),
(92, 42, '900000043456780', 'ahorros', 1060.50),
(93, 43, '900000044567891', 'corriente', 550.00),
(94, 44, '900000045678902', 'ahorros', 420.00),
(95, 45, '900000046789013', 'corriente', 3400.00),
(96, 46, '900000047890124', 'ahorros', 900.00),
(97, 47, '900000048901235', 'corriente', 1300.00),
(98, 48, '900000049012346', 'ahorros', 2500.00),
(99, 49, '900000050123457', 'corriente', 1150.00),
(100, 0, '900000001234569', 'ahorros', 1150.75),
(101, 1, '900000002345680', 'corriente', 2600.00),
(102, 2, '900000003456781', 'ahorros', 880.40),
(103, 3, '900000004567892', 'corriente', 7200.00),
(104, 4, '900000005678903', 'ahorros', 530.10),
(105, 5, '900000006789014', 'corriente', 1520.90),
(106, 6, '900000007890125', 'ahorros', 680.00),
(107, 7, '900000008901236', 'corriente', 2100.50),
(108, 8, '900000009012347', 'ahorros', 945.25),
(109, 9, '900000010123458', 'corriente', 8700.00),
(110, 10, '900000011234569', 'ahorros', 230.00),
(111, 11, '900000012345680', 'corriente', 2020.15),
(112, 12, '900000013456781', 'ahorros', 1110.70),
(113, 13, '900000014567892', 'corriente', 850.30),
(114, 14, '900000015678903', 'ahorros', 1900.90),
(115, 15, '900000016789014', 'corriente', 9800.50),
(116, 16, '900000017890125', 'ahorros', 700.00),
(117, 17, '900000018901236', 'corriente', 1020.00),
(118, 18, '900000019012347', 'ahorros', 1750.25),
(119, 19, '900000020123458', 'corriente', 8800.00),
(120, 20, '900000021234569', 'ahorros', 390.45),
(121, 21, '900000022345680', 'corriente', 2100.00),
(122, 22, '900000023456781', 'ahorros', 545.80),
(123, 23, '900000024567892', 'corriente', 5200.75),
(124, 24, '900000025678903', 'ahorros', 1100.50),
(125, 25, '900000026789014', 'corriente', 1260.00),
(126, 26, '900000027890125', 'ahorros', 630.00),
(127, 27, '900000028901236', 'corriente', 6000.90),
(128, 28, '900000029012347', 'ahorros', 1500.10),
(129, 29, '900000030123458', 'corriente', 1080.00),
(130, 30, '900000031234569', 'ahorros', 1340.00),
(131, 31, '900000032345680', 'corriente', 4700.00),
(132, 32, '900000033456781', 'ahorros', 1150.25),
(133, 33, '900000034567892', 'corriente', 1420.40),
(134, 34, '900000035678903', 'ahorros', 1190.50),
(135, 35, '900000036789014', 'corriente', 1030.60),
(136, 36, '900000037890125', 'ahorros', 880.00),
(137, 37, '900000038901236', 'corriente', 9200.00),
(138, 38, '900000039012347', 'ahorros', 850.00),
(139, 39, '900000040123458', 'corriente', 3800.75),
(140, 40, '900000041234569', 'ahorros', 840.20),
(141, 41, '900000042345680', 'corriente', 500.00),
(142, 42, '900000043456781', 'ahorros', 1160.50),
(143, 43, '900000044567892', 'corriente', 650.00),
(144, 44, '900000045678903', 'ahorros', 520.00),
(145, 45, '900000046789014', 'corriente', 3700.00),
(146, 46, '900000047890125', 'ahorros', 1100.00),
(147, 47, '900000048901236', 'corriente', 1500.00),
(148, 48, '900000049012347', 'ahorros', 2700.00),
(149, 49, '900000050123458', 'corriente', 1350.00);

SELECT * FROM producto;
-- INGRESANDO 100 DATOS MAS A LA TABLA PRODUCTO

INSERT INTO producto (nombre, tipo, descripcion, precio) VALUES
('Sedán Compacto', 'Sedán', 'Auto compacto con buena eficiencia de combustible', 19500),
('SUV Urbano', 'SUV', 'Vehículo deportivo utilitario para ciudad', 28500),
('Camioneta 4x4', 'Camioneta', 'Vehículo todoterreno con tracción en las cuatro ruedas', 32500),
('Hatchback Deportivo', 'Hatchback', 'Auto pequeño con estilo deportivo', 22000),
('Convertible', 'Convertible', 'Auto con techo desmontable para conducción al aire libre', 35000),
('Sedán Ejecutivo', 'Sedán', 'Auto elegante para ejecutivos', 41000),
('Minivan Familiar', 'Minivan', 'Vehículo espacioso para familias numerosas', 27500),
('Pickup Ligero', 'Pickup', 'Camioneta ligera para carga y uso urbano', 31000),
('Coupé Deportivo', 'Coupé', 'Auto deportivo de dos puertas', 39000),
('SUV Familiar', 'SUV', 'SUV con espacio para toda la familia', 29500),
('Sedán Eléctrico', 'Sedán', 'Sedán con motor eléctrico eficiente', 45000),
('Compacto Híbrido', 'Compacto', 'Auto compacto con motor híbrido', 26000),
('Camioneta Grande', 'Camioneta', 'Vehículo grande para carga pesada', 40000),
('Sedán Medio', 'Sedán', 'Sedán con buen balance entre confort y rendimiento', 21000),
('SUV Deportivo', 'SUV', 'SUV con rendimiento deportivo', 32000),
('Convertible Eléctrico', 'Convertible', 'Convertible con motor eléctrico', 46000),
('Crossover Compacto', 'Crossover', 'Vehículo compacto con características SUV', 28000),
('Hatchback Eco', 'Hatchback', 'Hatchback con tecnología ecológica', 23000),
('Minivan Deluxe', 'Minivan', 'Minivan con acabados de lujo', 30000),
('Pickup Mediano', 'Pickup', 'Camioneta mediana para uso mixto', 33000),
('Coupé Eléctrico', 'Coupé', 'Coupé con motor eléctrico', 42000),
('SUV 7 plazas', 'SUV', 'SUV con capacidad para siete pasajeros', 34000),
('Sedán de lujo', 'Sedán', 'Sedán con acabados de lujo y tecnología avanzada', 52000),
('Compacto Urbano', 'Compacto', 'Auto compacto ideal para la ciudad', 24000),
('Camioneta todoterreno', 'Camioneta', 'Camioneta diseñada para terrenos difíciles', 41000),
('SUV Familiar Plus', 'SUV', 'SUV con mayor espacio y confort', 35000),
('Convertible Deportivo', 'Convertible', 'Convertible con características deportivas', 37000),
('Minivan Eléctrica', 'Minivan', 'Minivan con motor eléctrico', 36000),
('Pickup Grande', 'Pickup', 'Camioneta grande para trabajos pesados', 35000),
('Sedán Compacto Híbrido', 'Sedán', 'Sedán compacto con motor híbrido', 23000),
('SUV Compacto', 'SUV', 'SUV de tamaño compacto', 29500),
('Coupé Deportivo Avanzado', 'Coupé', 'Coupé con tecnología avanzada', 44000),
('Hatchback Urbano', 'Hatchback', 'Hatchback ideal para uso urbano', 24500),
('Sedán Ejecutivo Plus', 'Sedán', 'Sedán ejecutivo con extras de lujo', 44000),
('SUV Deportivo Eléctrico', 'SUV', 'SUV con motor eléctrico y rendimiento deportivo', 39000),
('Minivan Económica', 'Minivan', 'Minivan económica y funcional', 28000),
('Pickup Ligero Eléctrico', 'Pickup', 'Pickup con motor eléctrico', 36000),
('Convertible Compacto', 'Convertible', 'Convertible de tamaño compacto', 34000),
('Sedán Medio Plus', 'Sedán', 'Sedán de tamaño medio con mejores prestaciones', 22500),
('SUV Grande', 'SUV', 'SUV de gran tamaño para mayor capacidad', 37000),
('Hatchback Deportivo Avanzado', 'Hatchback', 'Hatchback con tecnología deportiva', 25500),
('Pickup Mediano Plus', 'Pickup', 'Pickup mediana con mejores prestaciones', 34000),
('Sedán Eléctrico Avanzado', 'Sedán', 'Sedán eléctrico con tecnología avanzada', 48000),
('SUV Compacto Híbrido', 'SUV', 'SUV compacto con motor híbrido', 31000),
('Minivan Familiar Plus', 'Minivan', 'Minivan con espacio adicional y confort', 32000),
('Camioneta 4x4 Plus', 'Camioneta', 'Camioneta todoterreno mejorada', 36000),
('Coupé Deportivo Eléctrico', 'Coupé', 'Coupé deportivo con motor eléctrico', 45000),
('Sedán de lujo Plus', 'Sedán', 'Sedán de lujo con equipamiento premium', 55000),
('SUV Familiar Eléctrico', 'SUV', 'SUV familiar con motor eléctrico', 37000),
('Compacto Urbano Eléctrico', 'Compacto', 'Auto compacto eléctrico', 26000),
('Pickup Grande Plus', 'Pickup', 'Pickup grande con mejor capacidad', 37000),
('Convertible Lujo', 'Convertible', 'Convertible con acabados de lujo', 48000),
('Minivan Eléctrica Plus', 'Minivan', 'Minivan eléctrica con extras', 38000),
('Sedán Medio Híbrido', 'Sedán', 'Sedán medio con motor híbrido', 24000),
('SUV Deportivo Plus', 'SUV', 'SUV deportivo con mejores prestaciones', 40000),
('Hatchback Económico', 'Hatchback', 'Hatchback económico y eficiente', 25000),
('Camioneta Todoterreno Plus', 'Camioneta', 'Camioneta todoterreno mejorada', 42000),
('Coupé Deportivo Plus', 'Coupé', 'Coupé deportivo con extras', 46000),
('Sedán Ejecutivo Eléctrico', 'Sedán', 'Sedán ejecutivo con motor eléctrico', 48000),
('SUV 7 Plazas Plus', 'SUV', 'SUV 7 plazas con mejores prestaciones', 38000),
('Compacto Deportivo', 'Compacto', 'Auto compacto con diseño deportivo', 27000),
('Pickup Mediano Eléctrico', 'Pickup', 'Pickup mediana con motor eléctrico', 35000),
('Minivan Familiar Lujo', 'Minivan', 'Minivan familiar con acabados de lujo', 40000),
('Convertible Deportivo Plus', 'Convertible', 'Convertible deportivo con extras', 49000),
('Sedán Compacto Plus', 'Sedán', 'Sedán compacto con mejores prestaciones', 24000),
('SUV Urbano Plus', 'SUV', 'SUV urbano con extras', 31000),
('Camioneta 4x4 Lujo', 'Camioneta', 'Camioneta 4x4 con acabados premium', 37000),
('Hatchback Deportivo Plus', 'Hatchback', 'Hatchback deportivo mejorado', 26000),
('Sedán Ejecutivo Max', 'Sedán', 'Sedán ejecutivo con equipamiento máximo', 60000),
('Minivan Familiar Max', 'Minivan', 'Minivan con máximo confort', 42000),
('Pickup Ligero Max', 'Pickup', 'Pickup ligera con mayor capacidad', 38000),
('Coupé Deportivo Max', 'Coupé', 'Coupé deportivo con tecnología máxima', 47000),
('SUV Familiar Max', 'SUV', 'SUV familiar con capacidad máxima', 40000),
('Sedán Eléctrico Max', 'Sedán', 'Sedán eléctrico con máxima autonomía', 50000),
('Compacto Híbrido Max', 'Compacto', 'Auto compacto híbrido avanzado', 32000),
('Camioneta Grande Max', 'Camioneta', 'Camioneta grande con tecnología avanzada', 43000),
('Convertible Eléctrico Max', 'Convertible', 'Convertible eléctrico con extras', 51000),
('Minivan Deluxe Max', 'Minivan', 'Minivan deluxe con máxima comodidad', 43000),
('Pickup Mediano Max', 'Pickup', 'Pickup mediana con capacidad máxima', 39000),
('Coupé Eléctrico Max', 'Coupé', 'Coupé eléctrico con máximo rendimiento', 48000),
('SUV 7 plazas Max', 'SUV', 'SUV 7 plazas con equipamiento máximo', 42000),
('Auto Eléctrico Compacto', 'Compacto', 'Auto eléctrico de tamaño compacto', 27000),
('SUV Deportivo Compacto', 'SUV', 'SUV deportivo compacto y ágil', 33000),
('Pickup Eléctrico Ligero', 'Pickup', 'Pickup ligera con motor eléctrico', 35000),
('Minivan Familiar Económica', 'Minivan', 'Minivan familiar con buen precio', 30000),
('Convertible Compacto Deportivo', 'Convertible', 'Convertible pequeño con estilo deportivo', 36000),
('Sedán Ejecutivo Económico', 'Sedán', 'Sedán ejecutivo a precio accesible', 28000),
('SUV Familiar Económico', 'SUV', 'SUV familiar con precio competitivo', 32000),
('Hatchback Deportivo Económico', 'Hatchback', 'Hatchback deportivo accesible', 25000),
('Camioneta Grande Económica', 'Camioneta', 'Camioneta grande con buen precio', 40000),
('Sedán Compacto Económico', 'Sedán', 'Sedán compacto accesible', 21000),
('SUV Urbano Económico', 'SUV', 'SUV urbano con precio competitivo', 29000),
('Pickup Mediano Económico', 'Pickup', 'Pickup mediana con buen precio', 33000),
('Minivan Económica Plus', 'Minivan', 'Minivan económica con extras', 31000),
('Convertible Económico', 'Convertible', 'Convertible a precio accesible', 34000),
('Sedán Medio Económico', 'Sedán', 'Sedán medio a buen precio', 23000),
('SUV Deportivo Económico', 'SUV', 'SUV deportivo accesible', 35000),
('Hatchback Urbano Económico', 'Hatchback', 'Hatchback urbano accesible', 24000),
('Camioneta 4x4 Económica', 'Camioneta', 'Camioneta todoterreno económica', 36000),
('Coupé Deportivo Económico', 'Coupé', 'Coupé deportivo a buen precio', 40000);

-- Tabla credito

SELECT*FROM credito;

INSERT INTO credito (id_cuenta, id_producto, monto, interes, fecha_inicio, fecha_vencimiento) VALUES
(1, 1, 34022.12, 7.12, '2023-01-15', '2024-07-15'),
(2, 2, 47900.45, 11.53, '2022-12-10', '2024-06-10'),
(3, 3, 12000.89, 6.45, '2024-04-20', '2025-10-20'),
(4, 4, 29000.00, 8.67, '2023-09-01', '2025-03-01'),
(5, 5, 5200.67, 14.23, '2022-08-25', '2024-02-25'),
(6, 6, 45500.22, 16.88, '2023-03-05', '2024-09-05'),
(7, 7, 13500.55, 5.98, '2024-06-10', '2025-12-10'),
(8, 8, 30000.34, 10.10, '2023-11-20', '2025-05-20'),
(9, 9, 25000.80, 12.50, '2022-07-15', '2024-01-15'),
(10, 10, 47000.00, 15.15, '2023-05-10', '2024-11-10'),
(11, 11, 39000.95, 9.75, '2024-02-28', '2025-08-28'),
(12, 12, 15000.60, 7.00, '2023-07-07', '2025-01-07'),
(13, 13, 18000.40, 13.50, '2022-11-30', '2024-05-30'),
(14, 14, 29000.00, 16.00, '2023-08-15', '2025-02-15'),
(15, 15, 23000.77, 5.12, '2024-03-05', '2025-09-05'),
(16, 16, 34000.33, 8.33, '2023-12-20', '2025-06-20'),
(17, 17, 48000.00, 14.50, '2022-06-15', '2024-12-15'),
(18, 18, 6000.12, 6.20, '2023-04-01', '2024-10-01'),
(19, 19, 22000.25, 11.10, '2024-01-10', '2025-07-10'),
(20, 20, 35000.88, 9.80, '2023-09-05', '2025-03-05'),
(21, 21, 48000.44, 17.00, '2022-10-22', '2024-04-22'),
(22, 22, 27000.50, 13.25, '2023-06-18', '2025-12-18'),
(23, 23, 12000.00, 5.50, '2024-05-25', '2025-11-25'),
(24, 24, 5300.90, 7.75, '2023-03-30', '2024-09-30'),
(25, 25, 45000.77, 16.25, '2022-09-14', '2024-03-14'),
(26, 26, 35000.45, 12.10, '2023-01-01', '2024-07-01'),
(27, 27, 16000.55, 8.88, '2024-07-15', '2026-01-15'),
(28, 28, 29000.00, 15.70, '2023-10-20', '2025-04-20'),
(29, 29, 20000.20, 9.90, '2022-07-01', '2024-01-01'),
(30, 30, 44000.00, 14.80, '2023-05-15', '2024-11-15'),
(31, 31, 33000.30, 10.50, '2024-02-05', '2025-08-05'),
(32, 32, 12000.70, 6.45, '2023-07-28', '2025-01-28'),
(33, 33, 28000.00, 13.90, '2022-12-10', '2024-06-10'),
(34, 34, 35000.55, 7.15, '2023-08-30', '2025-02-28'),
(35, 35, 23000.00, 11.45, '2024-03-12', '2025-09-12'),
(36, 36, 45000.44, 15.75, '2023-11-07', '2025-05-07'),
(37, 37, 5400.00, 5.00, '2022-06-20', '2024-12-20'),
(38, 38, 26000.00, 12.30, '2023-01-15', '2024-07-15'),
(39, 39, 18000.33, 9.60, '2024-05-01', '2025-11-01'),
(40, 40, 37000.00, 14.00, '2023-09-20', '2025-03-20'),
(41, 41, 22000.90, 7.70, '2022-10-10', '2024-04-10'),
(42, 42, 48000.55, 16.40, '2023-06-25', '2025-12-25'),
(43, 43, 35000.10, 10.15, '2024-02-15', '2025-08-15'),
(44, 44, 12500.00, 6.60, '2023-07-05', '2025-01-05'),
(45, 45, 32000.25, 13.85, '2022-11-18', '2024-05-18'),
(46, 46, 27000.45, 5.75, '2023-08-12', '2025-02-12'),
(47, 47, 39000.55, 14.95, '2024-03-22', '2025-09-22'),
(48, 48, 5300.75, 8.20, '2023-12-01', '2025-06-01'),
(49, 49, 46000.00, 16.50, '2022-07-30', '2024-01-30'),
(50, 50, 30000.50, 10.80, '2023-04-18', '2024-10-18'),
(51, 51, 18000.25, 6.75, '2023-05-25', '2024-11-25'),
(52, 52, 51000.60, 15.00, '2022-12-12', '2024-06-12'),
(53, 53, 22000.88, 9.25, '2024-01-18', '2025-07-18'),
(54, 54, 47000.40, 13.50, '2023-09-28', '2025-03-28'),
(55, 55, 35000.00, 8.60, '2022-07-22', '2024-01-22'),
(56, 56, 25000.75, 5.25, '2023-04-04', '2024-10-04'),
(57, 57, 39000.33, 16.75, '2024-02-11', '2025-08-11'),
(58, 58, 31000.50, 7.80, '2023-06-17', '2024-12-17'),
(59, 59, 27000.00, 10.10, '2022-11-09', '2024-05-09'),
(60, 60, 43000.85, 12.90, '2023-08-29', '2025-02-28'),
(61, 61, 5400.10, 5.55, '2024-03-14', '2025-09-14'),
(62, 62, 36000.20, 14.00, '2023-10-07', '2025-04-07'),
(63, 63, 24000.90, 6.90, '2022-06-30', '2024-12-30'),
(64, 64, 33000.33, 13.20, '2023-01-19', '2024-07-19'),
(65, 65, 29000.75, 11.10, '2024-05-05', '2025-11-05'),
(66, 66, 51000.00, 15.50, '2023-09-13', '2025-03-13'),
(67, 67, 20000.80, 7.00, '2022-10-27', '2024-04-27'),
(68, 68, 34000.55, 9.75, '2023-06-01', '2024-12-01'),
(69, 69, 27000.33, 12.00, '2024-02-21', '2025-08-21'),
(70, 70, 46000.00, 14.40, '2023-07-08', '2025-01-08'),
(71, 71, 31000.10, 5.80, '2022-12-05', '2024-06-05'),
(72, 72, 26000.25, 10.90, '2023-04-24', '2024-10-24'),
(73, 73, 37000.60, 13.75, '2024-01-30', '2025-07-30'),
(74, 74, 22000.00, 6.50, '2023-10-19', '2025-04-19'),
(75, 75, 48000.75, 16.10, '2022-08-03', '2024-02-03'),
(76, 76, 29000.45, 9.35, '2023-05-11', '2024-11-11'),
(77, 77, 15000.33, 12.20, '2024-03-25', '2025-09-25'),
(78, 78, 5300.00, 5.15, '2023-07-14', '2025-01-14'),
(79, 79, 35000.44, 14.80, '2022-11-06', '2024-05-06'),
(80, 80, 42000.88, 7.90, '2023-08-22', '2025-02-22'),
(81, 81, 31000.77, 11.25, '2024-01-15', '2025-07-15'),
(82, 82, 18000.60, 6.30, '2023-09-30', '2025-03-30'),
(83, 83, 40000.20, 13.00, '2022-06-12', '2024-12-12'),
(84, 84, 23000.90, 9.50, '2023-03-21', '2024-09-21'),
(85, 85, 50000.00, 15.25, '2024-05-08', '2025-11-08'),
(86, 86, 26000.40, 7.45, '2023-10-04', '2025-04-04'),
(87, 87, 19000.75, 12.50, '2022-09-28', '2024-03-28'),
(88, 88, 44000.33, 14.60, '2023-06-13', '2024-12-13'),
(89, 89, 32000.00, 5.95, '2024-02-02', '2025-08-02'),
(90, 90, 35000.55, 10.00, '2023-07-25', '2025-01-25'),
(91, 91, 27000.88, 11.85, '2022-11-19', '2024-05-19'),
(92, 92, 5400.22, 6.10, '2023-08-09', '2025-02-09'),
(93, 93, 38000.30, 15.00, '2024-03-01', '2025-09-01'),
(94, 94, 30000.00, 8.75, '2023-12-14', '2025-06-14'),
(95, 95, 25000.40, 13.10, '2022-07-05', '2024-01-05'),
(96, 96, 43000.77, 9.60, '2023-05-23', '2024-11-23'),
(97, 97, 21000.50, 7.20, '2024-01-11', '2025-07-11'),
(98, 98, 36000.90, 12.75, '2023-09-16', '2025-03-16'),
(99, 99, 48000.00, 16.20, '2022-10-01', '2024-04-01'),
(100, 100, 30000.55, 5.85, '2023-06-06', '2024-12-06'),
(101, 101, 29000.15, 6.90, '2023-08-20', '2025-02-20'),
(102, 102, 48000.50, 14.00, '2024-01-02', '2025-07-02'),
(103, 103, 35000.75, 11.25, '2022-12-10', '2024-06-10'),
(104, 104, 25000.90, 5.65, '2023-04-18', '2024-10-18'),
(105, 105, 39000.30, 15.80, '2024-03-22', '2025-09-22'),
(106, 106, 21000.60, 8.40, '2023-09-07', '2025-03-07'),
(107, 107, 32000.85, 12.90, '2022-07-29', '2024-01-29'),
(108, 108, 26000.40, 10.10, '2023-05-14', '2024-11-14'),
(109, 109, 5400.00, 5.50, '2024-02-08', '2025-08-08'),
(110, 110, 47000.75, 16.00, '2023-06-23', '2024-12-23'),
(111, 111, 30000.25, 7.85, '2022-11-11', '2024-05-11'),
(112, 112, 35000.90, 9.70, '2023-03-29', '2024-09-29'),
(113, 113, 40000.40, 13.30, '2024-01-20', '2025-07-20'),
(114, 114, 22000.15, 6.25, '2023-07-06', '2024-01-06'),
(115, 115, 53000.50, 15.75, '2022-08-25', '2024-02-25'),
(116, 116, 31000.00, 8.95, '2023-05-30', '2024-11-30'),
(117, 117, 27000.35, 12.60, '2024-02-18', '2025-08-18'),
(118, 118, 18000.80, 10.20, '2023-10-10', '2025-04-10'),
(119, 119, 43000.55, 14.10, '2022-06-22', '2024-12-22'),
(120, 120, 26000.90, 5.95, '2023-01-03', '2024-07-03'),
(121, 121, 32000.70, 7.30, '2024-04-28', '2025-10-28'),
(122, 122, 35000.45, 11.50, '2023-08-15', '2025-02-15'),
(123, 123, 20000.25, 6.60, '2022-09-01', '2024-03-01'),
(124, 124, 39000.90, 13.90, '2023-06-04', '2024-12-04'),
(125, 125, 27000.10, 9.10, '2024-02-26', '2025-08-26'),
(126, 126, 5000.00, 5.25, '2023-07-19', '2025-01-19'),
(127, 127, 36000.60, 15.00, '2022-11-15', '2024-05-15'),
(128, 128, 31000.80, 10.75, '2023-08-03', '2025-02-03'),
(129, 129, 23000.55, 7.90, '2024-01-27', '2025-07-27'),
(130, 130, 44000.20, 12.85, '2023-05-09', '2024-11-09'),
(131, 131, 29000.45, 6.70, '2022-10-14', '2024-04-14'),
(132, 132, 37000.33, 11.10, '2023-03-31', '2024-09-30'),
(133, 133, 52000.00, 16.50, '2024-06-05', '2025-12-05'),
(134, 134, 34000.90, 9.25, '2023-12-21', '2025-06-21'),
(135, 135, 18000.75, 7.55, '2022-08-18', '2024-02-18'),
(136, 136, 31000.10, 13.60, '2023-04-27', '2024-10-27'),
(137, 137, 26000.60, 10.00, '2024-01-08', '2025-07-08'),
(138, 138, 39000.85, 14.20, '2023-09-23', '2025-03-23'),
(139, 139, 20000.00, 5.80, '2022-06-08', '2024-12-08'),
(140, 140, 35000.40, 8.45, '2023-02-19', '2024-08-19'),
(141, 141, 31000.90, 12.50, '2024-04-12', '2025-10-12'),
(142, 142, 27000.55, 11.20, '2023-07-29', '2025-01-29'),
(143, 143, 5000.25, 6.05, '2022-11-30', '2024-05-30'),
(144, 144, 43000.10, 15.40, '2023-05-16', '2024-11-16'),
(145, 145, 29000.75, 9.00, '2024-01-04', '2025-07-04'),
(146, 146, 36000.50, 7.15, '2023-08-11', '2025-02-11'),
(147, 147, 25000.60, 13.80, '2022-07-21', '2024-01-21'),
(148, 148, 52000.00, 16.90, '2023-03-06', '2024-09-06'),
(149, 149, 33000.90, 10.60, '2024-02-15', '2025-08-15'),
(150, 150, 27000.33, 5.95, '2023-09-01', '2025-03-01');

DELETE FROM credito
DBCC CHECKIDENT ('credito', RESEED, 0);

-- INGRESANDO 100 DATOS MAS A LA TABLA CONCESIONARIO

INSERT INTO concesionario (nombre, direccion, telefono) VALUES
('AutoElite', 'Av. Sol Naciente 110', '910000051'),
('MotorPrime', 'Calle Rápida 220', '910000052'),
('TurboRiders', 'Jr. Estrella 333', '910000053'),
('FastTrack', 'Av. Centenario 405', '910000054'),
('CarKing', 'Calle Velocidad 502', '910000055'),
('AutoExpress', 'Av. Horizonte 615', '910000056'),
('SpeedWay', 'Jr. Motor 720', '910000057'),
('Ruedas Rápidas', 'Av. Libertad 810', '910000058'),
('MotoFlash', 'Calle Sol 923', '910000059'),
('AutoLuxe', 'Av. Turbo 1004', '910000060'),
('VelocityCars', 'Jr. Pista 1105', '910000061'),
('TurboAutos', 'Av. Carrera 1206', '910000062'),
('NitroDrive', 'Calle Carrera 1307', '910000063'),
('AutoMasters', 'Av. Motor 1408', '910000064'),
('SpeedLine', 'Jr. Carrera 1509', '910000065'),
('MotorHouse', 'Av. Rápida 1610', '910000066'),
('PowerDrive', 'Calle Motor 1711', '910000067'),
('RápidoAutos', 'Jr. Pista 1812', '910000068'),
('MotoSpeed', 'Av. Veloz 1913', '910000069'),
('TurboDrive', 'Calle Carrera 2014', '910000070'),
('MotorZone', 'Jr. Rápido 2115', '910000071'),
('AutoRocket', 'Av. Carrera 2216', '910000072'),
('SpeedMotors', 'Calle Veloz 2317', '910000073'),
('FastWheels', 'Jr. Motor 2418', '910000074'),
('NitroCars', 'Av. Carrera 2519', '910000075'),
('TurboSpeed', 'Calle Pista 2620', '910000076'),
('AutoForce', 'Jr. Turbo 2721', '910000077'),
('VelocityMotors', 'Av. Motor 2822', '910000078'),
('RuedasElite', 'Calle Rápida 2923', '910000079'),
('MotorDrive', 'Jr. Carrera 3024', '910000080'),
('FastMotors', 'Av. Pista 3125', '910000081'),
('NitroRides', 'Calle Turbo 3226', '910000082'),
('AutoRace', 'Jr. Motor 3327', '910000083'),
('SpeedDrive', 'Av. Veloz 3428', '910000084'),
('TurboRides', 'Calle Carrera 3529', '910000085'),
('MotorElite', 'Jr. Pista 3630', '910000086'),
('VelocityRides', 'Av. Turbo 3731', '910000087'),
('AutoMax', 'Calle Motor 3832', '910000088'),
('FastDrive', 'Jr. Carrera 3933', '910000089'),
('NitroElite', 'Av. Pista 4034', '910000090'),
('TurboMotors', 'Calle Veloz 4135', '910000091'),
('MotorMax', 'Jr. Turbo 4236', '910000092'),
('SpeedElite', 'Av. Carrera 4337', '910000093'),
('AutoDrive', 'Calle Motor 4438', '910000094'),
('FastMotors', 'Jr. Turbo 4539', '910000095'),
('NitroDrive', 'Av. Carrera 4640', '910000096'),
('TurboMax', 'Calle Pista 4741', '910000097'),
('MotorRace', 'Jr. Veloz 4842', '910000098'),
('VelocityMax', 'Av. Turbo 4943', '910000099'),
('AutoSpeed', 'Calle Carrera 5044', '910000100'),
('FastRides', 'Jr. Motor 5145', '910000101'),
('NitroMotors', 'Av. Pista 5246', '910000102'),
('TurboRace', 'Calle Turbo 5347', '910000103'),
('MotorSpeed', 'Jr. Carrera 5448', '910000104'),
('SpeedMax', 'Av. Motor 5549', '910000105'),
('AutoElite', 'Calle Veloz 5650', '910000106'),
('FastCars', 'Jr. Turbo 5751', '910000107'),
('NitroMax', 'Av. Carrera 5852', '910000108'),
('TurboDrive', 'Calle Motor 5953', '910000109'),
('MotorRides', 'Jr. Pista 6054', '910000110'),
('VelocityDrive', 'Av. Turbo 6155', '910000111'),
('AutoSpeed', 'Calle Carrera 6256', '910000112'),
('FastMotors', 'Jr. Motor 6357', '910000113'),
('NitroDrive', 'Av. Pista 6458', '910000114'),
('TurboElite', 'Calle Turbo 6559', '910000115'),
('MotorMax', 'Jr. Carrera 6660', '910000116'),
('SpeedDrive', 'Av. Motor 6761', '910000117'),
('AutoRides', 'Calle Veloz 6862', '910000118'),
('FastElite', 'Jr. Turbo 6963', '910000119'),
('NitroSpeed', 'Av. Carrera 7064', '910000120'),
('TurboMax', 'Calle Motor 7165', '910000121'),
('MotorDrive', 'Jr. Pista 7266', '910000122'),
('VelocityMax', 'Av. Turbo 7367', '910000123'),
('AutoElite', 'Calle Carrera 7468', '910000124'),
('FastMotors', 'Jr. Motor 7569', '910000125'),
('NitroDrive', 'Av. Pista 7670', '910000126'),
('TurboRace', 'Calle Turbo 7771', '910000127'),
('MotorSpeed', 'Jr. Carrera 7872', '910000128'),
('SpeedMax', 'Av. Motor 7973', '910000129'),
('AutoDrive', 'Calle Veloz 8074', '910000130'),
('FastRides', 'Jr. Turbo 8175', '910000131'),
('NitroMax', 'Av. Carrera 8276', '910000132'),
('TurboDrive', 'Calle Motor 8377', '910000133'),
('MotorElite', 'Jr. Pista 8478', '910000134'),
('VelocityDrive', 'Av. Turbo 8579', '910000135'),
('AutoSpeed', 'Calle Carrera 8680', '910000136'),
('FastMotors', 'Jr. Motor 8781', '910000137'),
('NitroDrive', 'Av. Pista 8882', '910000138'),
('TurboElite', 'Calle Turbo 8983', '910000139'),
('MotorMax', 'Jr. Carrera 9084', '910000140'),
('SpeedDrive', 'Av. Motor 9185', '910000141'),
('AutoRides', 'Calle Veloz 9286', '910000142'),
('FastElite', 'Jr. Turbo 9387', '910000143'),
('NitroSpeed', 'Av. Carrera 9488', '910000144'),
('TurboMax', 'Calle Motor 9589', '910000145'),
('MotorDrive', 'Jr. Pista 9690', '910000146'),
('VelocityMax', 'Av. Turbo 9791', '910000147'),
('AutoElite', 'Calle Carrera 9892', '910000148'),
('FastMotors', 'Jr. Motor 9993', '910000149'),
('NitroDrive', 'Av. Pista 10094', '910000150');

-- Tabla Sucursal

INSERT INTO sucursal (id_concesionario, nombre, direccion) VALUES
(1, 'Sucursal Horizonte', 'Av. Central 101'),
(2, 'Sucursal Oasis', 'Calle Norte 250'),
(3, 'Sucursal Brisas', 'Jr. Sur 403'),
(4, 'Sucursal Vanguardia', 'Av. Este 512'),
(5, 'Sucursal Estrella', 'Calle Oeste 780'),
(6, 'Sucursal Aurora', 'Jr. Principal 150'),
(7, 'Sucursal Prisma', 'Av. Central 222'),
(8, 'Sucursal Eclipse', 'Calle Norte 320'),
(9, 'Sucursal Centella', 'Jr. Sur 420'),
(10, 'Sucursal Ráfaga', 'Av. Este 630'),
(11, 'Sucursal Nómada', 'Calle Oeste 810'),
(12, 'Sucursal Ícaro', 'Jr. Principal 190'),
(13, 'Sucursal Nebula', 'Av. Norte 345'),
(14, 'Sucursal Cumbre', 'Jr. Sur 512'),
(15, 'Sucursal Luminaria', 'Av. Este 700'),
(16, 'Sucursal Vértice', 'Calle Oeste 850'),
(17, 'Sucursal Prisma', 'Av. Central 333'),
(18, 'Sucursal Centella', 'Calle Norte 400'),
(19, 'Sucursal Brisa Marina', 'Jr. Sur 520'),
(20, 'Sucursal Quimera', 'Av. Este 730'),
(21, 'Sucursal Fénix', 'Calle Oeste 900'),
(22, 'Sucursal Horizonte', 'Jr. Principal 210'),
(23, 'Sucursal Aurora Boreal', 'Av. Norte 420'),
(24, 'Sucursal Alba', 'Jr. Sur 540'),
(25, 'Sucursal Vórtice', 'Av. Este 760'),
(26, 'Sucursal Épica', 'Calle Oeste 950'),
(27, 'Sucursal Prisma', 'Av. Central 360'),
(28, 'Sucursal Centella', 'Calle Norte 430'),
(29, 'Sucursal Brisa', 'Jr. Sur 580'),
(30, 'Sucursal Eclipse', 'Av. Este 780'),
(31, 'Sucursal Vanguardia', 'Calle Oeste 980'),
(32, 'Sucursal Estrella', 'Jr. Principal 240'),
(33, 'Sucursal Aurora', 'Av. Norte 450'),
(34, 'Sucursal Prisma', 'Jr. Sur 600'),
(35, 'Sucursal Nómada', 'Av. Este 810'),
(36, 'Sucursal Ícaro', 'Calle Oeste 1000'),
(37, 'Sucursal Nebula', 'Av. Central 390'),
(38, 'Sucursal Cumbre', 'Calle Norte 470'),
(39, 'Sucursal Luminaria', 'Jr. Sur 620'),
(40, 'Sucursal Vértice', 'Av. Este 840'),
(41, 'Sucursal Quimera', 'Calle Oeste 1030'),
(42, 'Sucursal Fénix', 'Jr. Principal 270'),
(43, 'Sucursal Horizonte', 'Av. Norte 490'),
(44, 'Sucursal Aurora Boreal', 'Jr. Sur 640'),
(45, 'Sucursal Alba', 'Av. Este 860'),
(46, 'Sucursal Vórtice', 'Calle Oeste 1060'),
(47, 'Sucursal Épica', 'Av. Central 420'),
(48, 'Sucursal Prisma', 'Calle Norte 520'),
(49, 'Sucursal Centella', 'Jr. Sur 660'),
(50, 'Sucursal Brisa Marina', 'Av. Este 890'),
(51, 'Sucursal Eclipse', 'Calle Oeste 1090'),
(52, 'Sucursal Vanguardia', 'Jr. Principal 300'),
(53, 'Sucursal Estrella', 'Av. Norte 540'),
(54, 'Sucursal Aurora', 'Jr. Sur 680'),
(55, 'Sucursal Prisma', 'Av. Este 910'),
(56, 'Sucursal Nómada', 'Calle Oeste 1120'),
(57, 'Sucursal Ícaro', 'Av. Central 450'),
(58, 'Sucursal Nebula', 'Calle Norte 560'),
(59, 'Sucursal Cumbre', 'Jr. Sur 700'),
(60, 'Sucursal Luminaria', 'Av. Este 940'),
(61, 'Sucursal Vértice', 'Calle Oeste 1150'),
(62, 'Sucursal Quimera', 'Jr. Principal 330'),
(63, 'Sucursal Fénix', 'Av. Norte 580'),
(64, 'Sucursal Horizonte', 'Jr. Sur 720'),
(65, 'Sucursal Aurora Boreal', 'Av. Este 960'),
(66, 'Sucursal Alba', 'Calle Oeste 1180'),
(67, 'Sucursal Vórtice', 'Av. Central 480'),
(68, 'Sucursal Épica', 'Calle Norte 600'),
(69, 'Sucursal Prisma', 'Jr. Sur 740'),
(70, 'Sucursal Centella', 'Av. Este 990'),
(71, 'Sucursal Brisa Marina', 'Calle Oeste 1210'),
(72, 'Sucursal Eclipse', 'Jr. Principal 360'),
(73, 'Sucursal Vanguardia', 'Av. Norte 620'),
(74, 'Sucursal Estrella', 'Jr. Sur 760'),
(75, 'Sucursal Aurora', 'Av. Este 1010'),
(76, 'Sucursal Prisma', 'Calle Oeste 1240'),
(77, 'Sucursal Nómada', 'Av. Central 510'),
(78, 'Sucursal Ícaro', 'Calle Norte 640'),
(79, 'Sucursal Nebula', 'Jr. Sur 780'),
(80, 'Sucursal Cumbre', 'Av. Este 1040'),
(81, 'Sucursal Luminaria', 'Calle Oeste 1270'),
(82, 'Sucursal Vértice', 'Jr. Principal 390'),
(83, 'Sucursal Quimera', 'Av. Norte 660'),
(84, 'Sucursal Fénix', 'Jr. Sur 800'),
(85, 'Sucursal Horizonte', 'Av. Este 1060'),
(86, 'Sucursal Aurora Boreal', 'Calle Oeste 1300'),
(87, 'Sucursal Alba', 'Av. Central 540'),
(88, 'Sucursal Vórtice', 'Calle Norte 680'),
(89, 'Sucursal Épica', 'Jr. Sur 820'),
(90, 'Sucursal Prisma', 'Av. Este 1090'),
(91, 'Sucursal Centella', 'Calle Oeste 1330'),
(92, 'Sucursal Brisa Marina', 'Jr. Principal 420'),
(93, 'Sucursal Eclipse', 'Av. Norte 700'),
(94, 'Sucursal Vanguardia', 'Jr. Sur 840'),
(95, 'Sucursal Estrella', 'Av. Este 1110'),
(96, 'Sucursal Aurora', 'Calle Oeste 1360'),
(97, 'Sucursal Prisma', 'Av. Central 570'),
(98, 'Sucursal Nómada', 'Calle Norte 720'),
(99, 'Sucursal Ícaro', 'Jr. Sur 860'),
(100, 'Sucursal Nebula', 'Av. Este 1140'),
(101, 'Sucursal Cumbre', 'Calle Oeste 1390'),
(102, 'Sucursal Luminaria', 'Jr. Principal 450'),
(103, 'Sucursal Vértice', 'Av. Norte 740'),
(104, 'Sucursal Quimera', 'Jr. Sur 880'),
(105, 'Sucursal Fénix', 'Av. Este 1160'),
(106, 'Sucursal Horizonte', 'Calle Oeste 1420'),
(107, 'Sucursal Aurora Boreal', 'Av. Central 600'),
(108, 'Sucursal Alba', 'Calle Norte 760'),
(109, 'Sucursal Vórtice', 'Jr. Sur 900'),
(110, 'Sucursal Épica', 'Av. Este 1190'),
(111, 'Sucursal Prisma', 'Calle Oeste 1450'),
(112, 'Sucursal Centella', 'Jr. Principal 480'),
(113, 'Sucursal Brisa Marina', 'Av. Norte 780'),
(114, 'Sucursal Eclipse', 'Jr. Sur 920'),
(115, 'Sucursal Vanguardia', 'Av. Este 1210'),
(116, 'Sucursal Estrella', 'Calle Oeste 1480'),
(117, 'Sucursal Aurora', 'Av. Central 630'),
(118, 'Sucursal Prisma', 'Calle Norte 800'),
(119, 'Sucursal Nómada', 'Jr. Sur 940'),
(120, 'Sucursal Ícaro', 'Av. Este 1240'),
(121, 'Sucursal Nebula', 'Calle Oeste 1510'),
(122, 'Sucursal Cumbre', 'Jr. Principal 510'),
(123, 'Sucursal Luminaria', 'Av. Norte 820'),
(124, 'Sucursal Vértice', 'Jr. Sur 960'),
(125, 'Sucursal Quimera', 'Av. Este 1260'),
(126, 'Sucursal Fénix', 'Calle Oeste 1540'),
(127, 'Sucursal Horizonte', 'Av. Central 660'),
(128, 'Sucursal Aurora Boreal', 'Calle Norte 840'),
(129, 'Sucursal Alba', 'Jr. Sur 980'),
(130, 'Sucursal Vórtice', 'Av. Este 1290'),
(131, 'Sucursal Épica', 'Calle Oeste 1570'),
(132, 'Sucursal Prisma', 'Jr. Principal 540'),
(133, 'Sucursal Centella', 'Av. Norte 860'),
(134, 'Sucursal Brisa Marina', 'Jr. Sur 1000'),
(135, 'Sucursal Eclipse', 'Av. Este 1310'),
(136, 'Sucursal Vanguardia', 'Calle Oeste 1600'),
(137, 'Sucursal Estrella', 'Av. Central 690'),
(138, 'Sucursal Aurora', 'Calle Norte 880'),
(139, 'Sucursal Prisma', 'Jr. Sur 1020'),
(140, 'Sucursal Nómada', 'Av. Este 1340'),
(141, 'Sucursal Ícaro', 'Calle Oeste 1630'),
(142, 'Sucursal Nebula', 'Jr. Principal 570'),
(143, 'Sucursal Cumbre', 'Av. Norte 900'),
(144, 'Sucursal Luminaria', 'Jr. Sur 1040'),
(145, 'Sucursal Vértice', 'Av. Este 1360'),
(146, 'Sucursal Quimera', 'Calle Oeste 1660'),
(147, 'Sucursal Fénix', 'Av. Central 720'),
(148, 'Sucursal Horizonte', 'Calle Norte 920'),
(149, 'Sucursal Aurora Boreal', 'Jr. Sur 1060'),
(150, 'Sucursal Alba', 'Av. Este 1390');

SELECT*FROM sucursal;

SELECT*FROM producto;

-- Tabla producto_sucursal
INSERT INTO producto_sucursal (id_producto, id_sucursal, stock) VALUES
(1, 1, 57),
(2, 2, 33),
(3, 3, 72),
(4, 4, 14),
(5, 5, 88),
(6, 6, 25),
(7, 7, 67),
(8, 8, 90),
(9, 9, 40),
(10, 10, 79),
(11, 11, 56),
(12, 12, 62),
(13, 13, 84),
(14, 14, 18),
(15, 15, 93),
(16, 16, 48),
(17, 17, 35),
(18, 18, 71),
(19, 19, 69),
(20, 20, 77),
(21, 21, 43),
(22, 22, 65),
(23, 23, 20),
(24, 24, 82),
(25, 25, 38),
(26, 26, 96),
(27, 27, 27),
(28, 28, 52),
(29, 29, 60),
(30, 30, 44),
(31, 31, 85),
(32, 32, 31),
(33, 33, 55),
(34, 34, 23),
(35, 35, 78),
(36, 36, 66),
(37, 37, 34),
(38, 38, 70),
(39, 39, 22),
(40, 40, 95),
(41, 41, 26),
(42, 42, 61),
(43, 43, 50),
(44, 44, 37),
(45, 45, 73),
(46, 46, 28),
(47, 47, 64),
(48, 48, 19),
(49, 49, 89),
(50, 50, 54),
(51, 51, 30),
(52, 52, 41),
(53, 53, 68),
(54, 54, 24),
(55, 55, 59),
(56, 56, 36),
(57, 57, 80),
(58, 58, 21),
(59, 59, 83),
(60, 60, 47),
(61, 61, 29),
(62, 62, 76),
(63, 63, 39),
(64, 64, 53),
(65, 65, 17),
(66, 66, 75),
(67, 67, 32),
(68, 68, 69),
(69, 69, 45),
(70, 70, 58),
(71, 71, 34),
(72, 72, 87),
(73, 73, 42),
(74, 74, 63),
(75, 75, 25),
(76, 76, 74),
(77, 77, 16),
(78, 78, 90),
(79, 79, 33),
(80, 80, 56),
(81, 81, 21),
(82, 82, 67),
(83, 83, 41),
(84, 84, 52),
(85, 85, 28),
(86, 86, 79),
(87, 87, 38),
(88, 88, 60),
(89, 89, 23),
(90, 90, 85),
(91, 91, 30),
(92, 92, 55),
(93, 93, 27),
(94, 94, 72),
(95, 95, 34),
(96, 96, 66),
(97, 97, 18),
(98, 98, 75),
(99, 99, 40),
(100, 100, 57),
(101, 101, 29),
(102, 102, 69),
(103, 103, 22),
(104, 104, 80),
(105, 105, 35),
(106, 106, 61),
(107, 107, 44),
(108, 108, 58),
(109, 109, 33),
(110, 110, 73),
(111, 111, 26),
(112, 112, 65),
(113, 113, 20),
(114, 114, 88),
(115, 115, 39),
(116, 116, 54),
(117, 117, 24),
(118, 118, 68),
(119, 119, 31),
(120, 120, 77),
(121, 121, 43),
(122, 122, 59),
(123, 123, 17),
(124, 124, 74),
(125, 125, 30),
(126, 126, 62),
(127, 127, 21),
(128, 128, 81),
(129, 129, 36),
(130, 130, 53),
(131, 131, 28),
(132, 132, 69),
(133, 133, 44),
(134, 134, 76),
(135, 135, 25),
(136, 136, 55),
(137, 137, 19),
(138, 138, 70),
(139, 139, 37),
(140, 140, 65),
(141, 141, 23),
(142, 142, 83),
(143, 143, 29),
(144, 144, 59),
(145, 145, 40),
(146, 146, 78),
(147, 147, 31),
(148, 148, 54),
(149, 149, 20),
(150, 150, 60);

SELECT*FROM producto_sucursal;

-- Tabla garantia_credito

SELECT*FROM garantia;

SELECT*FROM credito;

SELECT*FROM garantia_credito;

INSERT INTO garantia_credito (id_credito, id_garantia) VALUES
(1, 12), (2, 4), (3, 28), (4, 16), (5, 3),
(6, 10), (7, 39), (8, 25), (9, 8), (10, 13),
(11, 42), (12, 6), (13, 2), (14, 23), (15, 20),
(16, 18), (17, 27), (18, 7), (19, 11), (20, 22),
(21, 30), (22, 36), (23, 5), (24, 45), (25, 17),
(26, 9), (27, 33), (28, 21), (29, 38), (30, 46),
(31, 24), (32, 19), (33, 37), (34, 15), (35, 40),
(36, 43), (37, 1), (38, 48), (39, 35), (40, 50),
(41, 41), (42, 26), (43, 31), (44, 14), (45, 32),
(46, 29), (47, 47), (48, 34), (49, 49), (50, 44),
(51, 12), (52, 4), (53, 28), (54, 16), (55, 3),
(56, 10), (57, 39), (58, 25), (59, 8), (60, 13),
(61, 42), (62, 6), (63, 2), (64, 23), (65, 20),
(66, 18), (67, 27), (68, 7), (69, 11), (70, 22),
(71, 30), (72, 36), (73, 5), (74, 45), (75, 17),
(76, 9), (77, 33), (78, 21), (79, 38), (80, 46),
(81, 24), (82, 19), (83, 37), (84, 15), (85, 40),
(86, 43), (87, 1), (88, 48), (89, 35), (90, 50),
(91, 41), (92, 26), (93, 31), (94, 14), (95, 32),
(96, 29), (97, 47), (98, 34), (99, 49), (100, 44),
(101, 12), (102, 4), (103, 28), (104, 16), (105, 3),
(106, 10), (107, 39), (108, 25), (109, 8), (110, 13),
(111, 42), (112, 6), (113, 2), (114, 23), (115, 20),
(116, 18), (117, 27), (118, 7), (119, 11), (120, 22);
